,ISO_code,Year,Poverty
0,AFG,2007,4.226653060887359
1,AFG,2011,6.761473924434516
2,AFG,2016,24.689700020014854
3,KHM,2003,18.258788360330122
4,KHM,2006,12.221028584663628
5,KHM,2008,4.366470197800852
6,KHM,2009,1.1963967720247426
7,KHM,2010,0.8972505021460315
8,KHM,2011,0.6806737248945464
9,KHM,2012,0.3965840298565899
10,XKX,2012,1.0225101173367896
11,XKX,2013,0.38839983369555187
12,XKX,2014,0.7568286305064122
13,XKX,2015,0.38839983369555187
