gw_code,iso3,year,pop_in_conflict,national_pop,percent
840,PHL,2008,52137715.81244442,91944551.0,56.70560707011818
840,PHL,2009,61766880.01127145,93453638.0,66.09360676924257
840,PHL,2011,59335016.36937493,97359388.0,60.94431938024809
