gw_code,iso3,year,pop_in_conflict,national_pop,percent
811,KHM,2008,368434.980604,13942822.0,2.6424706605592467
811,KHM,2009,368434.980604,14164137.0,2.6011819894427735
811,KHM,2011,368434.980604,14611969.0,2.5214601851673786
