gw_code,iso3,year,pop_in_conflict,national_pop,percent
850,IDN,2008,583007.78298031,238629392.0,0.24431516088358052
850,IDN,2009,0.0,241686415.0,0.0
850,IDN,2011,0.0,247857003.0,0.0
